{
    "confusion_matrix": [
        [
            48596984.0,
            146658.0,
            1910660.0
        ],
        [
            136346.0,
            155361.0,
            4887.0
        ],
        [
            1041053.0,
            9985.0,
            1966962.0
        ]
    ],
    "ious_per_class (BKG, TC, AR)": [
        0.9375919188914907,
        0.34278092918274544,
        0.39869124587239163
    ],
    "mean_iou": 0.5596880313155427,
    "precision_per_class (BKG, TC, AR)": [
        0.9763452818691895,
        0.4979455391597384,
        0.5066213626291646
    ],
    "recall_per_class (BKG, TC, AR)": [
        0.9593851278416587,
        0.5238170697991017,
        0.6517435387673935
    ],
    "specificity_per_class (BKG, TC, AR)": [
        0.6447833429976624,
        0.9970814927967873,
        0.9624040566430861
    ],
    "f1_per_class (BKG, TC, AR)": [
        0.9677909005568986,
        0.5105537595571309,
        0.5700918535196435
    ],
    "macro_precision": 0.6603040612193641,
    "macro_recall": 0.711648578802718,
    "macro_specificity": 0.8680896308125119,
    "macro_f1": 0.6828121712112244
}