{
    "confusion_matrix": [
        [
            48329696.0,
            124569.0,
            2200037.0
        ],
        [
            140300.0,
            148830.0,
            7464.0
        ],
        [
            924666.0,
            7983.0,
            2085351.0
        ]
    ],
    "ious_per_class (BKG, TC, AR)": [
        0.9344621041426959,
        0.34680505002959366,
        0.399071974151378
    ],
    "mean_iou": 0.5601130427745559,
    "precision_per_class (BKG, TC, AR)": [
        0.9784396540662631,
        0.5289250911571981,
        0.48577286149161325
    ],
    "recall_per_class (BKG, TC, AR)": [
        0.9541084190637943,
        0.501797069394509,
        0.6909711729622244
    ],
    "specificity_per_class (BKG, TC, AR)": [
        0.678703937797508,
        0.9975303462855011,
        0.9566739513275683
    ],
    "f1_per_class (BKG, TC, AR)": [
        0.966120863578702,
        0.5150040782179738,
        0.570480973292478
    ],
    "macro_precision": 0.6643792022383581,
    "macro_recall": 0.7156255538068425,
    "macro_specificity": 0.8776360784701924,
    "macro_f1": 0.6838686383630512
}