{
    "train_losses": [
        0.790967686910822,
        0.7864143046164753,
        0.7859845646102019,
        0.7855036138284086,
        0.7850801721967832,
        0.7849372578690751,
        0.7846365844962573,
        0.7843240314360821,
        0.7839540928000152,
        0.7837824217899881,
        0.7835263084582608,
        0.7832313867831471,
        0.7830225844876935,
        0.7828028379666685,
        0.7825431691275703
    ],
    "val_losses": [
        0.7880566217860238,
        0.7872919762720827,
        0.7858942385579719,
        0.7862687941457405,
        0.786605809555679,
        0.7862578806329946,
        0.7857648544624204,
        0.7859582383124555,
        0.7858107539473987,
        0.7862622903995826,
        0.7858872775171624,
        0.7859281184243374,
        0.7859779166393592,
        0.7862095256320766,
        0.786003231025133
    ],
    "train_accuracies": [
        0.9203872966088474,
        0.9399161547522754,
        0.941280594756886,
        0.9424347483259973,
        0.9434256476942091,
        0.9437880510700538,
        0.944307808924203,
        0.9458076285816426,
        0.9472702888348912,
        0.9472794966264204,
        0.9481295219218735,
        0.949063056691773,
        0.9496566509870479,
        0.9500809343754019,
        0.9507484964070319
    ],
    "val_accuracies": [
        0.9296940963921144,
        0.9340541448170443,
        0.9404465675933041,
        0.9390194863352402,
        0.9473727607842858,
        0.9451421611440782,
        0.942077525543602,
        0.9396919106887048,
        0.9401611809883975,
        0.9408902490797663,
        0.9404693770278347,
        0.9410168034565688,
        0.9404662085361168,
        0.9439942036242506,
        0.9369077514574321
    ],
    "train_mean_ious": [
        0.4543792810972667,
        0.5533293246081201,
        0.5610414668521619,
        0.5683903360360619,
        0.5725810790462901,
        0.5753654719785289,
        0.579440070717112,
        0.5845781407877569,
        0.5915831392252916,
        0.5937526989163548,
        0.5987697761996406,
        0.6009622462332017,
        0.6047918589782916,
        0.6078292320693179,
        0.6121814171300962
    ],
    "val_mean_ious": [
        0.5349982749233447,
        0.5460990990679319,
        0.5652345241349178,
        0.557601130738724,
        0.5550861204330576,
        0.5610164195373243,
        0.5664536699236854,
        0.563098411732775,
        0.5607158061782217,
        0.5662722098370779,
        0.5642537395647652,
        0.5645487324956008,
        0.5668995885408002,
        0.5659112213868627,
        0.5601130427745559
    ],
    "train_ious_per_class": [
        [
            0.9186157720951983,
            0.1007710343039241,
            0.34375103689267766
        ],
        [
            0.9379963726181358,
            0.32363577964934387,
            0.3983558215568807
        ],
        [
            0.9393528741927626,
            0.33703124447227983,
            0.40674028189144334
        ],
        [
            0.9404688378179813,
            0.34729713831890846,
            0.41740503197129597
        ],
        [
            0.9414910117387729,
            0.34986405564733686,
            0.4263881697527606
        ],
        [
            0.9418159422741889,
            0.35471651360400525,
            0.42956396005739256
        ],
        [
            0.9423085418767483,
            0.36057834410116685,
            0.43543332617342106
        ],
        [
            0.9438676728609253,
            0.36575120129010985,
            0.4441155482122357
        ],
        [
            0.9453397890672249,
            0.37577329406529825,
            0.45363633454335167
        ],
        [
            0.9453123659066642,
            0.3795820662715708,
            0.4563636645708295
        ],
        [
            0.9461728219553596,
            0.387548510382377,
            0.462587996261185
        ],
        [
            0.9471426386678236,
            0.385367138358328,
            0.4703769616734536
        ],
        [
            0.9477256566904103,
            0.3911456018775048,
            0.47550431836695956
        ],
        [
            0.9481429342377221,
            0.39522883690526217,
            0.48011592506496953
        ],
        [
            0.9487976304542675,
            0.40176718658372246,
            0.4859794343522987
        ]
    ],
    "val_ious_per_class": [
        [
            0.927301221092571,
            0.31876273557886436,
            0.358930868098599
        ],
        [
            0.9316803551472363,
            0.3349712498405394,
            0.3716456922160197
        ],
        [
            0.9383344819987083,
            0.3525188369501138,
            0.4048502534559314
        ],
        [
            0.9368157981434199,
            0.33943731864661175,
            0.3965502754261403
        ],
        [
            0.9457287435006502,
            0.3136390821240832,
            0.40589053567443956
        ],
        [
            0.9435559689155699,
            0.3330827645016711,
            0.40641052519473175
        ],
        [
            0.9399788466910167,
            0.34741198053226335,
            0.41197018254777623
        ],
        [
            0.9375934791392356,
            0.35196123510062605,
            0.3997405209584632
        ],
        [
            0.9379075901339892,
            0.3364044025891246,
            0.40783542581155163
        ],
        [
            0.9388153082106517,
            0.3611187500873951,
            0.39888257121318704
        ],
        [
            0.938269205476683,
            0.3474710658214637,
            0.4070209473961491
        ],
        [
            0.9389124080954604,
            0.34947097003645416,
            0.4052628193548878
        ],
        [
            0.9382507780746433,
            0.36002055618495893,
            0.40242743136279857
        ],
        [
            0.9421061391621108,
            0.35107397292011033,
            0.4045535520783668
        ],
        [
            0.9344621041426959,
            0.34680505002959366,
            0.399071974151378
        ]
    ],