{
    "train_losses": [
        0.7909737060768436,
        0.7864112888622765,
        0.7859541919797358,
        0.7854977382553948,
        0.7851298346061899,
        0.7849414353117798,
        0.7846182652495124,
        0.7843481376014575,
        0.7840071049603549,
        0.7837803523347835,
        0.7835074983762972,
        0.783243046113939,
        0.7830125516412234,
        0.7827882900683567,
        0.7825644798953124
    ],
    "val_losses": [
        0.7876024646837203,
        0.786967182745699,
        0.7860255036197725,
        0.7863088308787737,
        0.7871850426079797,
        0.7859103777369515,
        0.7857823518456005,
        0.7859910355239618,
        0.7860865280276439,
        0.7861359236670322,
        0.785847358039168,
        0.786535671499909,
        0.7865106375491033,
        0.7869732575338395,
        0.7862060451116718
    ],
    "train_accuracies": [
        0.9205491522301282,
        0.9399152956247954,
        0.9409203149386661,
        0.9422170693982285,
        0.9433666247800634,
        0.9436247198045633,
        0.9446324563588357,
        0.9454595392400568,
        0.9466898269168099,
        0.9473442851136875,
        0.947875234459029,
        0.949063390638335,
        0.9496958740097371,
        0.9504228300072484,
        0.9510298078531992
    ],
    "val_accuracies": [
        0.9330798058200042,
        0.9377988387978142,
        0.9396861481102003,
        0.9403007243283242,
        0.9484902377843712,
        0.9427706840621679,
        0.9398633798252979,
        0.9423050825423592,
        0.9398661962623804,
        0.9445979217362535,
        0.9406903746928601,
        0.9426966043552197,
        0.9379759778669551,
        0.9443130910070867,
        0.9397877436662777
    ],
    "train_mean_ious": [
        0.4543691342099881,
        0.5534839609968055,
        0.5599849033754168,
        0.5675343890975922,
        0.570610072268087,
        0.5759593154733199,
        0.5806546375465298,
        0.5835183453392468,
        0.5901296045185833,
        0.5930849233654387,
        0.597233600356664,
        0.6012514947933091,
        0.6054186700836235,
        0.6069580502800146,
        0.6124079680866964
    ],
    "val_mean_ious": [
        0.5413019342488471,
        0.5478415694977402,
        0.5626226667002349,
        0.556433760029714,
        0.5457221543598206,
        0.5658197432322029,
        0.5600051269152452,
        0.5666752449816378,
        0.5482297887700668,
        0.5686891316761846,
        0.5641200981820358,
        0.5578515675000656,
        0.5589279056742923,
        0.5511751581228689,
        0.5596880313155427
    ],
    "train_ious_per_class": [
        0.949098657123837,
        0.40178729539614916,
        0.48633795174010297
    ],
    "val_ious_per_class": [
        0.9375919188914907,
        0.34278092918274544,
        0.39869124587239163
    ]
}