{
  "train_loss": [
    1.332473431693183,
    1.2163180909459552,
    1.1982629350253513,
    1.1879340695956397,
    1.1801890534067911,
    1.1746032404521154,
    1.1697346070456127,
    1.1657656408491588,
    1.162080576873961,
    1.1589022502066597,
    1.1559600813048228,
    1.1532986131925431,
    1.1508388265730842,
    1.1485907429740543,
    1.1465353382958305
  ],
  "val_mean_iou": [
    0.3315074870283904,
    0.3436123460672338,
    0.35005602328026414,
    0.3539970518581319,
    0.357254593805649,
    0.3595239651120251,
    0.3612967252250682,
    0.36241411569964976,
    0.3634347035981109,
    0.36421243806893383,
    0.3650387194179512,
    0.3657525433373708,
    0.3663348120858038,
    0.3668428852707624,
    0.36728481693141624
  ],
  "val_iou_bg": [
    0.7347903145903611,
    0.7555826466402564,
    0.7668367722355385,
    0.7740213294184503,
    0.7800504192615835,
    0.7842230074785467,
    0.7874584842708389,
    0.7894544565779972,
    0.7912329678019016,
    0.7925769887308268,
    0.7939465531254699,
    0.7951046681569226,
    0.7960730170205469,
    0.7968998943893909,
    0.7976328719475073
  ],
  "val_iou_tc": [
    0.0381772787784465,
    0.04204525337570497,
    0.044543321766009766,
    0.04659738049488738,
    0.04862526311249051,
    0.050202475517685204,
    0.051573686727018675,
    0.0525963163217283,
    0.053460411688631915,
    0.0541777473119957,
    0.05482309951582012,
    0.05536625695918291,
    0.055840385422926006,
    0.056280170564105045,
    0.05665274584193001
  ],
  "val_iou_ar": [
    0.22155486771636348,
    0.23320913818573957,
    0.23878797583924397,
    0.24137244566105845,
    0.24308809904287287,
    0.24414641233984338,
    0.24485800467734653,
    0.24519157419922386,
    0.24561073130379926,
    0.24588257816397938,
    0.24634650561256335,
    0.2467867048960065,
    0.24709103381393838,
    0.247348590858791,
    0.24756883300481097
  ],
  "val_mean_recall": [
    0.7234506288746723,
    0.731228998032123,
    0.7342862460535351,
    0.7357227913178082,
    0.7365815173872927,
    0.7371373007728844,
    0.7376414672689501,
    0.738169318728325,
    0.738600886032414,
    0.7390115874845665,
    0.7394078593215707,
    0.739767399729422,
    0.739972041055218,
    0.7402365483077069,
    0.7403491448360136
  ],
  "val_recall_bg": [
    0.7461967763335114,
    0.7673029108652749,
    0.778818198338347,
    0.7862084598175272,
    0.7924178829583262,
    0.7967162674838678,
    0.8000236080865768,
    0.8020361427503487,
    0.8038362045213551,
    0.8051966276071397,
    0.8066005442867882,
    0.8077884232877355,
    0.8087798832578195,
    0.8096230091485308,
    0.8103729055149799
  ],
  "val_recall_tc": [
    0.7321953057807136,
    0.726576420986897,
    0.7219362806834437,
    0.7170155395911995,
    0.7117431243446752,
    0.707713637437815,
    0.7043741333503488,
    0.7023554760568855,
    0.7007345167174855,
    0.6997655697947397,
    0.6991789013504625,
    0.698693284402408,
    0.6979131812180361,
    0.6974430499023132,
    0.6966529249608714
  ],
  "val_recall_ar": [
    0.6919598045097919,
    0.6998076622441964,
    0.7021042591388145,
    0.7039443745446986,
    0.7055835448588769,
    0.7069819973969698,
    0.7085266603699253,
    0.7101163373777405,
    0.7112319368584014,
    0.7120725650518194,
    0.712444132327462,
    0.7128204914981223,
    0.7132230586897985,
    0.7136435858722767,
    0.7140216040321894
  ]
}