{
  "train_loss": [
    0.9343663123638734,
    0.8655333791090094,
    0.8473111779793449,
    0.8278134044097818,
    0.8159475585688716,
    0.8008569245753081,
    0.7913273974605228,
    0.7767923532620721,
    0.765540920521902,
    0.7512738523275956,
    0.7385467873967212,
    0.7340724053590194,
    0.7206740648202274,
    0.711888069367927,
    0.7024812708082406
  ],
  "val_mean_iou": [
    0.45996834778570633,
    0.4779677470584246,
    0.4813173200830585,
    0.48117940942328286,
    0.484281579141807,
    0.48009066688885343,
    0.4793937245120891,
    0.48697437793227955,
    0.4836184569191363,
    0.4847177357281296,
    0.48558642603877783,
    0.4871308978254087,
    0.48592141348071255,
    0.4873807461872695,
    0.4855614310024953
  ],
  "val_iou_bg": [
    0.88937355234954,
    0.8997194753034768,
    0.9020420676424779,
    0.9024560367640431,
    0.9047625884009426,
    0.9024821531963713,
    0.902031931889415,
    0.907093147257284,
    0.9054615677064349,
    0.9066509235065584,
    0.9061360019787799,
    0.9056422652593528,
    0.9051491883104104,
    0.9050032987254168,
    0.9039068080833084
  ],
  "val_iou_tc": [
    0.14517046583991955,
    0.17536390757266707,
    0.18027622381281247,
    0.1788947174035852,
    0.1808782228471912,
    0.17538899943397465,
    0.1745006466010582,
    0.18219010836524718,
    0.17687757571084725,
    0.17669195463599163,
    0.1827639197811066,
    0.19097669280101648,
    0.18913219817666452,
    0.19503389859453468,
    0.19258229534312907
  ],
  "val_iou_ar": [
    0.3453610251676598,
    0.3588198582991297,
    0.3616336687938853,
    0.3621874741022203,
    0.36720392617728687,
    0.3624008480362148,
    0.3616485950457941,
    0.3716398781743073,
    0.36851622734012646,
    0.37081032904183875,
    0.36785935635644695,
    0.3647737354158569,
    0.3634828539550627,
    0.362105041241857,
    0.3601951895810484
  ],
  "val_mean_recall": [
    0.8057670051829227,
    0.802326201637391,
    0.7994333303298181,
    0.7963940326850559,
    0.7957199843780975,
    0.796303071859339,
    0.7966587947860533,
    0.7939208877363448,
    0.794492233768823,
    0.7939511766860365,
    0.7935175184532195,
    0.7929898227164544,
    0.7925176908126663,
    0.7917096592739902,
    0.7917742995318244
  ],
  "val_recall_bg": [
    0.9001760013307416,
    0.9113155828985795,
    0.9140760394810865,
    0.9145734619406449,
    0.9171034883125255,
    0.9147116463979896,
    0.9141943017568028,
    0.9197247211673891,
    0.9179085588031684,
    0.9192658575360352,
    0.9186105264930645,
    0.9180420762615709,
    0.9175400693013075,
    0.9173513685772817,
    0.9161701391799242
  ],
  "val_recall_tc": [
    0.6619501068013989,
    0.6473676651565002,
    0.6417610192403844,
    0.6333666441151498,
    0.6317665526662329,
    0.6349123425637158,
    0.6364023387074786,
    0.6281231849593216,
    0.6299461920834405,
    0.630298772900887,
    0.6263653361325939,
    0.6228744637650112,
    0.6218367877101629,
    0.6179910129877597,
    0.6183405674505866
  ],
  "val_recall_ar": [
    0.8551749074166279,
    0.8482953568570937,
    0.8424629322679835,
    0.8412419919993732,
    0.8382899121555344,
    0.8392852266163118,
    0.8393797438938793,
    0.8339147570823238,
    0.8356219504198604,
    0.8322888996211875,
    0.8355766927340001,
    0.8380529281227811,
    0.8381762154265286,
    0.8397865962569292,
    0.8408121919649623
  ]
}