{
  "train_loss": [
    0.9197062338175981,
    0.8570954832045928,
    0.8391484789874243,
    0.831305695940619,
    0.816171359108842,
    0.8056378186396931,
    0.795738176483175,
    0.7757316866646642,
    0.7612551865370377,
    0.746042235713938,
    0.7356800926120385,
    0.7221040994576786,
    0.7054935130088226,
    0.6881790170850961,
    0.6796430945396423
  ],
  "val_mean_iou": [
    0.43551145827497173,
    0.4530294826500685,
    0.47464817738568105,
    0.47988294458581243,
    0.4832365058051011,
    0.48704715469726473,
    0.48566354464814343,
    0.4850630204626846,
    0.48678847349166154,
    0.4847364516435748,
    0.48487599292730654,
    0.4871440596375282,
    0.4883142741427078,
    0.48907912088511984,
    0.48803117173525457
  ],
  "val_iou_bg": [
    0.8669880771525276,
    0.8810379581039665,
    0.8975440740567203,
    0.9001753008373231,
    0.902823111088702,
    0.9061353906029388,
    0.906576739176991,
    0.9045690368149089,
    0.9051458837775728,
    0.9022403579311796,
    0.9024556912870813,
    0.90398024830301,
    0.9042461696251743,
    0.9040398759822621,
    0.9024395838874819
  ],
  "val_iou_tc": [
    0.1296291721632239,
    0.1512785031283333,
    0.1725665014392851,
    0.18180865483802083,
    0.186542565463147,
    0.1874227733608762,
    0.18173233716353995,
    0.18838880253337864,
    0.19284384866767146,
    0.197651740813718,
    0.1974148216409452,
    0.1986198178865942,
    0.20184897984231517,
    0.2063577734496963,
    0.20877504030168578
  ],
  "val_iou_ar": [
    0.30991712550916384,
    0.3267719867179055,
    0.3538339566610378,
    0.35766487808209346,
    0.36034384086345445,
    0.3675833001279791,
    0.36868155760389915,
    0.36223122203976665,
    0.36237568802974013,
    0.35431725618582693,
    0.3547574658538929,
    0.3588321127229804,
    0.35884767296063397,
    0.3568397132234012,
    0.352878891016596
  ],
  "val_mean_recall": [
    0.8077650621417694,
    0.8046826650010134,
    0.8000950648757127,
    0.7985857338916557,
    0.7944018250583443,
    0.7935074066907839,
    0.7907716938516921,
    0.7915195406266986,
    0.7908540376962727,
    0.7911047529203601,
    0.7908798071098797,
    0.7910786930909448,
    0.7920057696484633,
    0.7899202998053156,
    0.7897993647499969
  ],
  "val_recall_bg": [
    0.8761210832014825,
    0.8911780569722032,
    0.9090692097680415,
    0.9119172115112699,
    0.9149403326780146,
    0.9186808778019935,
    0.919259650901371,
    0.9170191326590275,
    0.917668661801906,
    0.9144933157455066,
    0.9147778641569411,
    0.9164071775134046,
    0.9167412834306319,
    0.9165603644568259,
    0.9147088169813306
  ],
  "val_recall_tc": [
    0.6714990414312573,
    0.6588613307171277,
    0.6426677070481094,
    0.6365281116472051,
    0.6252106814708706,
    0.6264803375262026,
    0.6200700776552954,
    0.6216262425432666,
    0.6187227525318134,
    0.6185705383182811,
    0.6194651648888517,
    0.6186159884385813,
    0.6226571101081938,
    0.6150791667210064,
    0.6135513366119947
  ],
  "val_recall_ar": [
    0.8756750617925679,
    0.8640086073137094,
    0.848548277810987,
    0.8473118785164917,
    0.8430544610261477,
    0.8353610047441554,
    0.83298535299841,
    0.8359132466778013,
    0.8361706987550991,
    0.8402504046972926,
    0.8383963922838465,
    0.8382129133208487,
    0.8366189154065642,
    0.8381213682381153,
    0.8411379406566655
  ]
}