{
    "confusion_matrix": [
        [
            49030488.0,
            193000.0,
            1430814.0
        ],
        [
            122586.0,
            170471.0,
            3537.0
        ],
        [
            1224748.0,
            14449.0,
            1778803.0
        ]
    ],
    "ious_per_class (BKG, TC, AR)": [
        0.9428643360374277,
        0.3382072561269574,
        0.39951993901648813
    ],
    "mean_iou": 0.560197177060291,
    "precision_per_class (BKG, TC, AR)": [
        0.9732554138604879,
        0.4510769475021049,
        0.5536002942902813
    ],
    "recall_per_class (BKG, TC, AR)": [
        0.9679432163530749,
        0.574762132747103,
        0.5893979456593752
    ],
    "specificity_per_class (BKG, TC, AR)": [
        0.5935146204934886,
        0.9961348965430995,
        0.9718483655321781
    ],
    "f1_per_class (BKG, TC, AR)": [
        0.97059204154555,
        0.5054631878307155,
        0.5709385402567132
    ],
    "macro_precision": 0.6593108852176247,
    "macro_recall": 0.7107010982531844,
    "macro_specificity": 0.8538326275229221,
    "macro_f1": 0.6823312565443262
}