{
    "confusion_matrix": [
        [
            48941503.0,
            211608.0,
            1501191.0
        ],
        [
            120871.0,
            172800.0,
            2923.0
        ],
        [
            1153420.0,
            18867.0,
            1845713.0
        ]
    ],
    "ious_per_class (BKG, TC, AR)": [
        0.942476970250282,
        0.3278508127019423,
        0.40815269141821725
    ],
    "mean_iou": 0.5594934914568138,
    "precision_per_class (BKG, TC, AR)": [
        0.9746237010610644,
        0.4284917240096602,
        0.5509875584619727
    ],
    "recall_per_class (BKG, TC, AR)": [
        0.9661865047513634,
        0.5826146179625824,
        0.6115682571239212
    ],
    "specificity_per_class (BKG, TC, AR)": [
        0.6155514068993047,
        0.9957058856912825,
        0.9704791452538929
    ],
    "f1_per_class (BKG, TC, AR)": [
        0.9703867585856074,
        0.4938066932268068,
        0.579699474914647
    ],
    "macro_precision": 0.6513676611775657,
    "macro_recall": 0.7201231266126223,
    "macro_specificity": 0.8605788126148267,
    "macro_f1": 0.6812976422423538
}