{
    "train_losses": [
        0.7899347429323678,
        0.7862586634929734,
        0.7857690814769629,
        0.7854023330440425,
        0.7850310871697436,
        0.7847949289011232,
        0.7845552243066557,
        0.7842317434272381,
        0.7840270609265626,
        0.7837389737668664,
        0.7835722088512748,
        0.7832930374025094,
        0.7829837996249247,
        0.7827687957371124,
        0.7824974930045581
    ],
    "val_losses": [
        0.7871903405814874,
        0.7872668279976142,
        0.7872514685646432,
        0.786225679467936,
        0.7860835800405408,
        0.7862375818315099,
        0.7864114700770769,
        0.7860847252314208,
        0.7866305542773888,
        0.785775424027052,
        0.7858755158596351,
        0.7860091397019683,
        0.7858784667781142,
        0.7858078137772982,
        0.7860753927074495
    ],
    "train_accuracies": [
        0.9237867670027093,
        0.939986646019293,
        0.9408908819733066,
        0.9422435624921451,
        0.942982337914555,
        0.9438561932941613,
        0.944328096891404,
        0.9452588088138693,
        0.9462011603438537,
        0.9471858774193029,
        0.9472794766467116,
        0.9484009262867024,
        0.9495617702040295,
        0.9501602623822133,
        0.950922382667276
    ],
    "val_accuracies": [
        0.9475516601266033,
        0.933104412586094,
        0.9408678658166363,
        0.9413297059106045,
        0.9409175425785994,
        0.9388092911887618,
        0.9327482629994877,
        0.9450749372379231,
        0.9465705023871528,
        0.942870482286686,
        0.9455420952098038,
        0.9433219460335079,
        0.9408282874639496,
        0.9416949348009639,
        0.9442478867827869
    ],
    "train_mean_ious": [
        0.4737896090382098,
        0.5547291517472931,
        0.5600802219518758,
        0.5658742122415659,
        0.5717615743344118,
        0.577072818073764,
        0.5790121184392404,
        0.5856149746508921,
        0.5880987302060995,
        0.59381019353685,
        0.5971143392051673,
        0.6006418653481231,
        0.605249100321608,
        0.6081026119483002,
        0.6140163968119466
    ],
    "val_mean_ious": [
        0.5522034313803731,
        0.5237269228790756,
        0.5478217028737357,
        0.5635447395531936,
        0.5631233546888007,
        0.5525700810762671,
        0.5519931977387199,
        0.566647574282585,
        0.5567412650111847,
        0.5666329999958557,
        0.5627438262445873,
        0.5655162810630583,
        0.564104296736895,
        0.5650806216678451,
        0.5594934914568138
    ],
    "train_ious_per_class": [
        0.9489891640916763,
        0.40615986764909956,
        0.48690015869506403
    ],
    "val_ious_per_class": [
        0.942476970250282,
        0.3278508127019423,
        0.40815269141821725
    ]
}