{
    "train_losses": [
        0.7899365208365701,
        0.7862634973393546,
        0.7857661685257247,
        0.7854418856929047,
        0.7850502679745356,
        0.7849008790170303,
        0.78466315868527,
        0.7842722837672089,
        0.78397491032427,
        0.7837532207821355,
        0.7835107605264644,
        0.7833331663801213,
        0.7830510491674597,
        0.7827771744041732,
        0.7825288638623074
    ],
    "val_losses": [
        0.787204460042422,
        0.7869330097417362,
        0.7866454358960762,
        0.7863040976837034,
        0.7860412060237322,
        0.785987208124067,
        0.7862709917005946,
        0.7861067212995936,
        0.7859333098911848,
        0.7858713718711353,
        0.786006284541771,
        0.7859440954005132,
        0.785731852054596,
        0.7859412461030678,
        0.7864881343528872
    ],
    "train_accuracies": [
        0.9238418824566557,
        0.9399433728241983,
        0.9411571486987205,
        0.9422055696486713,
        0.9428316309708047,
        0.9435967910258546,
        0.9438724739026185,
        0.9454606267070663,
        0.9462753050433443,
        0.9470916445496999,
        0.9477347799601556,
        0.9483110661190902,
        0.9494181446399396,
        0.9503479888721927,
        0.9509082484503966
    ],
    "val_accuracies": [
        0.9473948290511631,
        0.9358358006804512,
        0.9429814721427691,
        0.9397053814108037,
        0.9410476360309464,
        0.9405231857994649,
        0.9350381745811513,
        0.9439550143845818,
        0.9458392478512068,
        0.9420582181262332,
        0.9437099473000152,
        0.9414242233155927,
        0.9409477266312803,
        0.9434714024907976,
        0.9446137641948429
    ],
    "train_mean_ious": [
        0.4731624791256024,
        0.5532713431855605,
        0.5606676553863675,
        0.5650094277401954,
        0.571392518139965,
        0.5745970152181271,
        0.577273669970257,
        0.585058401316656,
        0.5887746622448015,
        0.593887655987411,
        0.5977098476016091,
        0.5990288792973116,
        0.6046335023223355,
        0.6090155297834378,
        0.6131993056472643
    ],
    "val_mean_ious": [
        0.5516663029737802,
        0.535174300457293,
        0.5538518508759938,
        0.5536372227629952,
        0.5674321474621756,
        0.5581865964541296,
        0.5522937753962261,
        0.5669578132331045,
        0.5619081193872997,
        0.564612844180652,
        0.5629233817044882,
        0.5618797832467385,
        0.5609220279482384,
        0.5636276828647837,
        0.560197177060291
    ],
    "train_ious_per_class": [
        [
            0.9218140401599559,
            0.14571929340584208,
            0.35195410381100917
        ],
        [
            0.9379762409972844,
            0.3204555413346111,
            0.4013822472247858
        ],
        [
            0.9392136903132736,
            0.3320925169293334,
            0.4106967589164956
        ],
        [
            0.9402525476803181,
            0.3367371264949838,
            0.41803860904528434
        ],
        [
            0.9408384171013235,
            0.3478912336972244,
            0.4254479036213472
        ],
        [
            0.9416233170870326,
            0.35303971913625354,
            0.4291280094310953
        ],
        [
            0.9418601726100398,
            0.3558400260113194,
            0.4341208112894116
        ],
        [
            0.9434971681933997,
            0.36818145765969496,
            0.44349657809687343
        ],
        [
            0.9443089922930694,
            0.37127511178901534,
            0.45073988265231957
        ],
        [
            0.9451251520378515,
            0.3807247012217028,
            0.4558131147026786
        ],
        [
            0.9457788227112702,
            0.38576245746230137,
            0.46158826263125585
        ],
        [
            0.9463557734984482,
            0.38458214364399074,
            0.46614872074949615
        ],
        [
            0.9474796579796838,
            0.3924035917671023,
            0.4740172572202205
        ],
        [
            0.9484178462591805,
            0.39760133251861945,
            0.48102741057251347
        ],
        [
            0.9489860631351653,
            0.40410763557750035,
            0.4865042182291274
        ]
    ],
    "val_ious_per_class": [
        [
            0.9458386686758482,
            0.3161621701154345,
            0.39299807013005766
        ],
        [
            0.9341342524623426,
            0.2895235871530396,
            0.3818650617564968
        ],
        [
            0.9412120425649847,
            0.3259090580664409,
            0.39443445199655575
        ],
        [
            0.9375064853046949,
            0.3264043169255067,
            0.3970008660587839
        ],
        [
            0.9389459237778311,
            0.3602160147644349,
            0.4031345038442608
        ],
        [
            0.9383361032254817,
            0.33113735578809356,
            0.4050863303488135
        ],
        [
            0.932514184486754,
            0.333437886629376,
            0.39092925507254844
        ],
        [
            0.9420247068408903,
            0.3527298694593819,
            0.4061188633990414
        ],
        [
            0.944131626151457,
            0.3278788048792216,
            0.4137139271312205
        ],
        [
            0.9399768495507905,
            0.34498366152546417,
            0.40887802146570124
        ],
        [
            0.9418260714117848,
            0.3406722168211285,
            0.4062718568805514
        ],
        [
            0.9393766886117055,
            0.34042314316016126,
            0.4058395179683487
        ],
        [
            0.9387508481345038,
            0.33494132380908204,
            0.4090739119011294
        ],
        [
            0.9415172496775482,
            0.3419922049533603,
            0.4073735939634427
        ],
        [
            0.9428643360374277,
            0.3382072561269574,
            0.39951993901648813
        ]
    ],