{
  "train_loss": [
    1.3771789380482264,
    1.214642311656286,
    1.196815682403625,
    1.1863660445289006,
    1.1783880563009352,
    1.171747282762376,
    1.16615935885717,
    1.161438592842647,
    1.157366520828671,
    1.1536947757478744,
    1.1502958910805838,
    1.147115062721192,
    1.1440996028128125,
    1.1412243483558533,
    1.1384849945704143
  ],
  "val_mean_iou": [
    0.3336134510107088,
    0.34611107744773084,
    0.3473580063851077,
    0.34669164456848195,
    0.34680700647609364,
    0.34762394595094853,
    0.34883968362924733,
    0.35016143804354855,
    0.3515269109261398,
    0.35285786486465043,
    0.35420886989024536,
    0.3554979854582137,
    0.3566584129650203,
    0.35769913566541983,
    0.3586370534991959
  ],
  "val_iou_bg": [
    0.7323033613829791,
    0.7553633402654045,
    0.7571016115252077,
    0.7554511381083701,
    0.7554682780978058,
    0.7569519198765555,
    0.7592324424974873,
    0.7618341642729327,
    0.7645955670877419,
    0.7673246817928492,
    0.7700792922394043,
    0.7726950224804339,
    0.7750239926971657,
    0.777038907779947,
    0.7787999664138734
  ],
  "val_iou_tc": [
    0.03627857588475944,
    0.040565662641264176,
    0.04145944039078114,
    0.04162046741574025,
    0.04206200501017527,
    0.04270475626409496,
    0.04346895171119243,
    0.04437488239177238,
    0.045368591300833164,
    0.046428663029632465,
    0.04754231988170238,
    0.048663400301215,
    0.04972736603154715,
    0.050688092787549634,
    0.051550453245180594
  ],
  "val_iou_ar": [
    0.23225841576438797,
    0.24240422943652404,
    0.24351296723933397,
    0.24300332818133621,
    0.24289073632030014,
    0.24321516171219526,
    0.24381765667906236,
    0.2442752674659399,
    0.24461657438984385,
    0.24482024977146924,
    0.24500499754962904,
    0.24513553359299273,
    0.24522388016634789,
    0.2453704064287632,
    0.24556074083853452
  ],
  "val_mean_recall": [
    0.7300258462018924,
    0.7369696851317006,
    0.7406989464056805,
    0.7430586288635702,
    0.7448234723489645,
    0.7459946619354358,
    0.7469602477053766,
    0.7477588122843758,
    0.7483577726597012,
    0.7488692944162584,
    0.7492840311124872,
    0.7496960560076601,
    0.750037884620571,
    0.7504098529986216,
    0.7508642214497578
  ],
  "val_recall_bg": [
    0.7435785283543342,
    0.7672002869821856,
    0.7686106850380651,
    0.7665902015522598,
    0.7663928723484621,
    0.7677978905140608,
    0.770066723197192,
    0.7726829902647151,
    0.7754702842185294,
    0.7782346642191236,
    0.7810331753634538,
    0.7836845976331107,
    0.7860461749602555,
    0.7880853305900133,
    0.7898691976421015
  ],
  "val_recall_tc": [
    0.7537146433320793,
    0.7431321846666386,
    0.7430274384958554,
    0.7442713719838941,
    0.7447582590195858,
    0.7439728551037379,
    0.7427874872267728,
    0.7411391055598345,
    0.7389391804526587,
    0.7365646263580347,
    0.7340144596006191,
    0.7315807962421074,
    0.7292694621883417,
    0.7272894227335854,
    0.7259818324827703
  ],
  "val_recall_ar": [
    0.6927843669192633,
    0.7005765837462786,
    0.7104587156831204,
    0.7183143130545562,
    0.7233192856788458,
    0.726213240188509,
    0.7280265326921666,
    0.7294543410285775,
    0.7306638533079153,
    0.731808592671617,
    0.7328044583733879,
    0.733822774147762,
    0.7347980167131153,
    0.7358548056722672,
    0.7367416342244019
  ]
}