{
    "confusion_matrix": [
        [
            48522838.0,
            172024.0,
            1959440.0
        ],
        [
            124765.0,
            168023.0,
            3806.0
        ],
        [
            989064.0,
            13688.0,
            2015248.0
        ]
    ],
    "ious_per_class (BKG, TC, AR)": [
        0.9373109877194523,
        0.3483742686178484,
        0.40456705009148314
    ],
    "mean_iou": 0.5634174354762612,
    "precision_per_class (BKG, TC, AR)": [
        0.9775603587565618,
        0.47499681965311674,
        0.5065353875109514
    ],
    "recall_per_class (BKG, TC, AR)": [
        0.9579213627304546,
        0.5665084256592997,
        0.6677428760768699
    ],
    "specificity_per_class (BKG, TC, AR)": [
        0.6639621624850566,
        0.9965398912832171,
        0.9614678807611154
    ],
    "f1_per_class (BKG, TC, AR)": [
        0.9676412190074339,
        0.5167322951512974,
        0.5760736685655433
    ],
    "macro_precision": 0.6530308553068767,
    "macro_recall": 0.7307242214888747,
    "macro_specificity": 0.873989978176463,
    "macro_f1": 0.6868157275747583
}