{
    "confusion_matrix": [
        [
            48427848.0,
            214731.0,
            2011723.0
        ],
        [
            115848.0,
            176252.0,
            4494.0
        ],
        [
            983245.0,
            12628.0,
            2022127.0
        ]
    ],
    "ious_per_class (BKG, TC, AR)": [
        0.9357424377666431,
        0.33638895091735327,
        0.40167656658423745
    ],
    "mean_iou": 0.5579359850894113,
    "precision_per_class (BKG, TC, AR)": [
        0.9778081791887772,
        0.4366878008775668,
        0.500731735582703
    ],
    "recall_per_class (BKG, TC, AR)": [
        0.9560461024613466,
        0.5942534238723441,
        0.6700222001325359
    ],
    "specificity_per_class (BKG, TC, AR)": [
        0.6684079558461741,
        0.9957639417068415,
        0.9604282327046808
    ],
    "f1_per_class (BKG, TC, AR)": [
        0.9668046891687818,
        0.5034297049874615,
        0.5731373024693772
    ],
    "macro_precision": 0.6384092385496823,
    "macro_recall": 0.7401072421554088,
    "macro_specificity": 0.8748667100858988,
    "macro_f1": 0.6811238988752067
}