{
    "train_losses": [
        0.7907660323562045,
        0.7865483763844076,
        0.7860897881816132,
        0.7856095656000003,
        0.7852941229186877,
        0.7849993606408437,
        0.7847208421338688,
        0.7844980229633023,
        0.7841774958251703,
        0.7839321330039188,
        0.7837476257723991,
        0.7833784809618285,
        0.7831155695397445,
        0.78289755426272,
        0.7826229731241862
    ],
    "val_losses": [
        0.7881088872424892,
        0.7875995518731289,
        0.7864915367032661,
        0.786484031403651,
        0.7862266360736284,
        0.7860330118507636,
        0.7862293114427661,
        0.786217818494703,
        0.7860708813198277,
        0.786404806082366,
        0.7860808821975208,
        0.7860779732954307,
        0.7859089403855996,
        0.7868151137086211,
        0.7860140683221035
    ],
    "train_accuracies": [
        0.920360663656969,
        0.9392531709282129,
        0.9403571925536105,
        0.9413977557695006,
        0.9422077759793757,
        0.9432924315584228,
        0.9442133562778027,
        0.9446339519827543,
        0.9455690737123843,
        0.9467958192721851,
        0.9471179150125751,
        0.9484738693494187,
        0.9490912109557672,
        0.9499266853146994,
        0.9507434643746493
    ],
    "val_accuracies": [
        0.9278394911024306,
        0.9387963578132115,
        0.9345723877694293,
        0.9355498767289959,
        0.9465123577847507,
        0.9414029518039427,
        0.9372790023349745,
        0.9354741293948278,
        0.9402989455259563,
        0.9441136983791553,
        0.9391862490572347,
        0.9432928552031156,
        0.9403300745673953,
        0.9437098731832498,
        0.9380630465370275
    ],
    "train_mean_ious": [
        0.4518377471598929,
        0.5445551689863977,
        0.5541682055358307,
        0.5612212092887979,
        0.5675561866847783,
        0.5740080861998628,
        0.5771343611209813,
        0.5804550723597313,
        0.5870177515078798,
        0.5914232814425397,
        0.5933083399495177,
        0.5987427272122668,
        0.6030057838082823,
        0.6061804994128304,
        0.6114988610061681
    ],
    "val_mean_ious": [
        0.5219240826500049,
        0.540236834654407,
        0.546448781590019,
        0.5451642020981983,
        0.5685925690266688,
        0.5594875867297047,
        0.5512327811583336,
        0.5521159345874611,
        0.5599774535461165,
        0.5537975272157271,
        0.5594174140504439,
        0.5621389892264659,
        0.5626646286911315,
        0.55693944914393,
        0.5579359850894113
    ],
    "train_ious_per_class": [
        0.9488067475147052,
        0.40111039999636233,
        0.48457943550743715
    ],
    "val_ious_per_class": [
        0.9357424377666431,
        0.33638895091735327,
        0.40167656658423745
    ]
}