{
    "train_losses": [
        0.7907729910479652,
        0.7865706256242714,
        0.7860581826682043,
        0.7856651114092933,
        0.7853579585901415,
        0.7849349901832715,
        0.7847785075204541,
        0.7845355046517921,
        0.7842463653798055,
        0.7840274247256193,
        0.7836820686405356,
        0.7834888960074897,
        0.7831578376618299,
        0.782985629457416,
        0.7826851868268215
    ],
    "val_losses": [
        0.7879504229201645,
        0.7871495866384662,
        0.7863258983268112,
        0.7863405532524234,
        0.7865994904862076,
        0.7863183705533137,
        0.7862774104368492,
        0.7867206002845138,
        0.7862080882807247,
        0.786199083093737,
        0.786020251571155,
        0.786249047420064,
        0.7862899205723747,
        0.786220522200475,
        0.7858841194481146
    ],
    "train_accuracies": [
        0.9203980342752247,
        0.9389529643859749,
        0.9403327288272628,
        0.9418048052318614,
        0.9421377328286847,
        0.943549073772666,
        0.943690552945178,
        0.9448421519658025,
        0.9457525873380433,
        0.9461751581799257,
        0.9470738968597652,
        0.9480542126907823,
        0.9491387426830881,
        0.949524234039615,
        0.9505835439308814
    ],
    "val_accuracies": [
        0.928659871048687,
        0.9408211907836692,
        0.9367858849660368,
        0.9374549555358701,
        0.9460824434874487,
        0.9397995282319653,
        0.944364175987591,
        0.9331537743518045,
        0.9416551711563639,
        0.9404144935631071,
        0.9379902453442812,
        0.9427788554355457,
        0.9403913691323239,
        0.9433560768039427,
        0.9395431953990684
    ],
    "train_mean_ious": [
        0.4518505935094373,
        0.5452473141606026,
        0.5539548409899725,
        0.5615504167753435,
        0.5665303223916066,
        0.5723341980203623,
        0.5750023644352836,
        0.5808797134451757,
        0.5861526819616597,
        0.5875872803737577,
        0.5951127156517685,
        0.5960965786500328,
        0.6011710134365496,
        0.6045602665278208,
        0.6117651620027057
    ],
    "val_mean_ious": [
        0.5236267721678913,
        0.5460103511586133,
        0.5540916689232701,
        0.5498583606019106,
        0.5616730108226168,
        0.5540932784588305,
        0.5613538734539326,
        0.5475712728395606,
        0.5576709724941266,
        0.5587656593522172,
        0.558410582801478,
        0.559997755111099,
        0.5575800918812025,
        0.5641867428984398,
        0.5634174354762612
    ],
    "train_ious_per_class": [
        [
            0.9185211342518012,
            0.08929245470242306,
            0.34773819157408786
        ],
        [
            0.9369851676459278,
            0.30335676216048585,
            0.39540001267539393
        ],
        [
            0.9383636703704251,
            0.3185447315440311,
            0.4049561210554614
        ],
        [
            0.9398433115433478,
            0.33093152252948893,
            0.41387641625319377
        ],
        [
            0.9401473696830336,
            0.3405015343669431,
            0.41894206312484306
        ],
        [
            0.9415531318589656,
            0.3460526198432613,
            0.42939684235886
        ],
        [
            0.9416873438405128,
            0.35122230408393496,
            0.4320974453814032
        ],
        [
            0.9428640834015647,
            0.36188399276860667,
            0.4378910641653559
        ],
        [
            0.943792129347324,
            0.37029099739943316,
            0.444374919138222
        ],
        [
            0.9441837848930124,
            0.36855897440289115,
            0.45001908182536954
        ],
        [
            0.9450868815914295,
            0.38320983774193806,
            0.45704142762193783
        ],
        [
            0.946095280919596,
            0.3789791532376866,
            0.46321530179281567
        ],
        [
            0.9471921816912664,
            0.38442682797686617,
            0.47189403064151597
        ],
        [
            0.9475761876978214,
            0.39067985356352797,
            0.475424758322113
        ],
        [
            0.9486560648582161,
            0.4040997439812636,
            0.48253967716863766
        ]
    ],
    "val_ious_per_class": [
        [
            0.9263231360832008,
            0.2821103131877095,
            0.36244686723276365
        ],
        [
            0.938902109227026,
            0.3155082792252519,
            0.38362066502356185
        ],
        [
            0.9344626259809784,
            0.3363238759825738,
            0.39148850480625796
        ],
        [
            0.9351630287952104,
            0.3193299398330315,
            0.39508211317749
        ],
        [
            0.9444621270681799,
            0.338502464098352,
            0.40205444130131823
        ],
        [
            0.9377413003708482,
            0.3274252996513224,
            0.397113235354321
        ],
        [
            0.9425420146245159,
            0.3355321526531442,
            0.40598745308413786
        ],
        [
            0.9307341819379702,
            0.33173585012291956,
            0.3802437864577923
        ],
        [
            0.9396769898377944,
            0.3304264739526559,
            0.4029094536919294
        ],
        [
            0.9383075521833814,
            0.3380911670025887,
            0.3998982588706816
        ],
        [
            0.9356784309884192,
            0.339689833195296,
            0.3998634842207188
        ],
        [
            0.9408630668661015,
            0.3345055919906219,
            0.40462460647657356
        ],
        [
            0.9382545079463944,
            0.3365526846492325,
            0.39793308304798053
        ],
        [
            0.9414335700036703,
            0.3469201345922199,
            0.40420652409942925
        ],
        [
            0.9373109877194523,
            0.3483742686178484,
            0.40456705009148314
        ]
    ],