{
    "confusion_matrix": [
        [
            48582302.0,
            149315.0,
            1922685.0
        ],
        [
            127861.0,
            167550.0,
            1183.0
        ],
        [
            1040048.0,
            13790.0,
            1964162.0
        ]
    ],
    "ious_per_class (BKG, TC, AR)": [
        0.9374803016413175,
        0.3644776255767361,
        0.3974533516475956
    ],
    "mean_iou": 0.5664704262885497,
    "precision_per_class (BKG, TC, AR)": [
        0.9765245417753101,
        0.5067215073112306,
        0.5051818015807479
    ],
    "recall_per_class (BKG, TC, AR)": [
        0.9590952807917478,
        0.564913653007122,
        0.6508157720344578
    ],
    "specificity_per_class (BKG, TC, AR)": [
        0.6476464387493592,
        0.9969610955013629,
        0.9622407425376777
    ],
    "f1_per_class (BKG, TC, AR)": [
        0.9677314355184226,
        0.5342375944369657,
        0.5688252101450293
    ],
    "macro_precision": 0.6628092835557629,
    "macro_recall": 0.7249415686111093,
    "macro_specificity": 0.8689494255961332,
    "macro_f1": 0.6902647467001392
}