{
    "confusion_matrix": [
        [
            48467736.0,
            196901.0,
            1989665.0
        ],
        [
            114548.0,
            178455.0,
            3591.0
        ],
        [
            972056.0,
            14363.0,
            2031581.0
        ]
    ],
    "ious_per_class (BKG, TC, AR)": [
        0.9367392213812413,
        0.3513875925947804,
        0.4054035555158228
    ],
    "mean_iou": 0.5645101231639482,
    "precision_per_class (BKG, TC, AR)": [
        0.9780724755894235,
        0.45790685083353755,
        0.5047610623734564
    ],
    "recall_per_class (BKG, TC, AR)": [
        0.9568335577894251,
        0.6016810859288926,
        0.673154738237241
    ],
    "specificity_per_class (BKG, TC, AR)": [
        0.6721758381267792,
        0.996063817050366,
        0.9608788822869767
    ],
    "f1_per_class (BKG, TC, AR)": [
        0.967336444884835,
        0.5200396854374094,
        0.5769211988727677
    ],
    "macro_precision": 0.6469134629321391,
    "macro_recall": 0.7438897939851863,
    "macro_specificity": 0.8763728458213741,
    "macro_f1": 0.6880991097316707
}