{
    "train_losses": [
        0.7901308080463698,
        0.7866118368175294,
        0.7860405345757803,
        0.7855864442659147,
        0.7853104454098325,
        0.7850143796566761,
        0.7847528197247573,
        0.7844244176992262,
        0.7842582226401628,
        0.7839841948013113,
        0.7837618693257823,
        0.7835386941830317,
        0.7833644088470575,
        0.7831712792618106,
        0.7827887185896286
    ],
    "val_losses": [
        0.7872244725461865,
        0.7867354408639377,
        0.7863035329052659,
        0.7865990204889266,
        0.7865422807756017,
        0.7861366311057669,
        0.7860399416235627,
        0.7859093077847215,
        0.7856261310030203,
        0.7875502285410146,
        0.7861692582974669,
        0.7860272458342256,
        0.7860467717295787,
        0.7860938085884345,
        0.7857774740359822
    ],
    "train_accuracies": [
        0.9267960679339328,
        0.9387632684675531,
        0.9405262208903634,
        0.9417947725637816,
        0.9427528566873524,
        0.9433537806815259,
        0.9442265999705168,
        0.9452119935018223,
        0.9456006987372276,
        0.9464351170258356,
        0.94746660659967,
        0.9480955078947022,
        0.9482903757034684,
        0.9491384401332115,
        0.9501236624098698
    ],
    "val_accuracies": [
        0.9350012088444426,
        0.9397075863845723,
        0.9410418363940593,
        0.9459744924187443,
        0.9368998765511156,
        0.9350304849667482,
        0.9425524472466511,
        0.9438450621632134,
        0.9431294647939436,
        0.947908828818733,
        0.9440225903453723,
        0.9340051351059692,
        0.9400157083072442,
        0.9404036169277948,
        0.9390181337042729
    ],
    "train_mean_ious": [
        0.4887330278658551,
        0.5498875662183559,
        0.5580414698904451,
        0.5641808294764943,
        0.5700351762773154,
        0.5724584143599355,
        0.5782953996313145,
        0.5826777312903648,
        0.584900652489632,
        0.5876705480077155,
        0.5916675617462136,
        0.5950482949078911,
        0.5965381532843713,
        0.6004595000285792,
        0.6057462584683536
    ],
    "val_mean_ious": [
        0.5326081725773185,
        0.5436113129487837,
        0.5602404153559147,
        0.5638549489874163,
        0.5436605737308254,
        0.5577970842361849,
        0.5652335105968611,
        0.5643527226900972,
        0.5710334185768043,
        0.5600338225815901,
        0.5649867700739208,
        0.5592439768301803,
        0.5630692301456396,
        0.5616432069198828,
        0.5645101231639482
    ],
    "train_ious_per_class": [
        [
            0.9246806382061765,
            0.20155911694054196,
            0.33995932845084686
        ],
        [
            0.9367661150233043,
            0.31916810801870155,
            0.3937284756130619
        ],
        [
            0.9385550417694767,
            0.3300351857620938,
            0.4055341821397649
        ],
        [
            0.9398071545949679,
            0.33736932176555123,
            0.4153660120689638
        ],
        [
            0.9407510221838516,
            0.3477154293053185,
            0.42163907734277606
        ],
        [
            0.9413551784050245,
            0.3483614589084937,
            0.42765860576628806
        ],
        [
            0.9422174229217994,
            0.3589967247353681,
            0.43367205123677605
        ],
        [
            0.9432415525753102,
            0.3632634165690034,
            0.4415282247267809
        ],
        [
            0.9436139707859534,
            0.366110080164326,
            0.4449779065186165
        ],
        [
            0.9444526727312815,
            0.3663987726397205,
            0.45216019865214413
        ],
        [
            0.945513734351963,
            0.371366374558776,
            0.45812257632790165
        ],
        [
            0.9461572219091807,
            0.3755380470408436,
            0.4634496157736489
        ],
        [
            0.9463335427027731,
            0.3763894478701791,
            0.4668914692801617
        ],
        [
            0.9472125367197051,
            0.3824742379774425,
            0.47169172538858994
        ],
        [
            0.9481888023398622,
            0.387888908347249,
            0.4811610647179495
        ]
    ],
    "val_ious_per_class": [
        [
            0.9327881495856526,
            0.2839942658111419,
            0.38104210233516106
        ],
        [
            0.9376342044509087,
            0.30188732330962453,
            0.3913124110858177
        ],
        [
            0.9390717594830197,
            0.34277570716628575,
            0.3988737794184386
        ],
        [
            0.9442981890671202,
            0.34696808378933813,
            0.4002985741057905
        ],
        [
            0.9348434055094216,
            0.3041800913737392,
            0.3919582243093156
        ],
        [
            0.932425412007762,
            0.3473441863976046,
            0.39362165430318813
        ],
        [
            0.9405495886114956,
            0.34848926744003794,
            0.4066616757390498
        ],
        [
            0.9419742972388411,
            0.34190954933240303,
            0.40917432149904726
        ],
        [
            0.9411032147575521,
            0.35729749426617796,
            0.41469954670668313
        ],
        [
            0.9464579922920963,
            0.35046174529344626,
            0.3831817301592277
        ],
        [
            0.9421552418165517,
            0.3497160277762096,
            0.4030890406290012
        ],
        [
            0.9313725845088816,
            0.352575210616351,
            0.3937841353653084
        ],
        [
            0.9378945244261324,
            0.35114773980392283,
            0.4001654262068635
        ],
        [
            0.9382101387961297,
            0.3458381222138333,
            0.40088135974968525
        ],
        [
            0.9367392213812413,
            0.3513875925947804,
            0.4054035555158228
        ]
    ],