{
    "train_losses": [
        0.7901595236376079,
        0.7865683675715418,
        0.7860334625448844,
        0.7856144114877238,
        0.78532880800541,
        0.7850323998265796,
        0.7847913502141682,
        0.7844733016358482,
        0.7842181035966584,
        0.7839829960856775,
        0.7838098674711554,
        0.7834533693814518,
        0.783277328267242,
        0.7830586091737555,
        0.7828126381141971
    ],
    "val_losses": [
        0.7873698043041542,
        0.7866843782487463,
        0.7863592954932667,
        0.786749972671759,
        0.786454695170043,
        0.7860003836819383,
        0.7861898355796689,
        0.7860265012647285,
        0.7859820557422326,
        0.7863441686161229,
        0.7858789983342905,
        0.7862068180178032,
        0.7857075812386685,
        0.7860025284720249,
        0.7861260713123884
    ],
    "train_accuracies": [
        0.9267549496931482,
        0.9391281264933405,
        0.9405933784002496,
        0.9418777939624836,
        0.9426395660297637,
        0.9434391225806971,
        0.944006146717464,
        0.9448809582688502,
        0.9456295922504486,
        0.946218945138962,
        0.9470126704691592,
        0.9484012602332643,
        0.9486940885544537,
        0.9495239800118883,
        0.9500262813090029
    ],
    "val_accuracies": [
        0.9353735344150823,
        0.9397953962222981,
        0.9382840627312443,
        0.9462820955240588,
        0.9394851805010056,
        0.9383331280298933,
        0.9417469091826521,
        0.9394695233343294,
        0.9394898498572215,
        0.9457467501280737,
        0.9433867240864071,
        0.9331053761040433,
        0.941190959325905,
        0.9377152165573296,
        0.9396896686565536
    ],
    "train_mean_ious": [
        0.4874521224527,
        0.550776906778693,
        0.5566320758185418,
        0.5645474561737512,
        0.5677864839775529,
        0.5727081263232936,
        0.5764224079924009,
        0.5816160706817236,
        0.5847055146968971,
        0.58731386245469,
        0.590168520772922,
        0.5962047956363593,
        0.5989236391600404,
        0.6015999605706152,
        0.6062862448752496
    ],
    "val_mean_ious": [
        0.5227251083726409,
        0.5411601412905241,
        0.5540831217823654,
        0.5616420320542118,
        0.551410755778908,
        0.5632486226900951,
        0.5647614333024007,
        0.5583605055610769,
        0.5645883130592524,
        0.569038000344198,
        0.5681291757433372,
        0.5612220520066448,
        0.5666549268477111,
        0.5597207907929137,
        0.5664704262885497
    ],
    "train_ious_per_class": [
        0.9480757280910563,
        0.39055160599539324,
        0.48023140053929925
    ],
    "val_ious_per_class": [
        0.9374803016413175,
        0.3644776255767361,
        0.3974533516475956
    ]
}