{
  "train_loss": [
    1.3715645559250362,
    1.2147748803335523,
    1.1942944044158572,
    1.1818969393533374,
    1.1728201726126293,
    1.1657487248617506,
    1.1599940689783248,
    1.1550871338163102,
    1.150778951531365,
    1.146815204241919,
    1.1430173976080757,
    1.1393797840390887,
    1.135950894393618,
    1.132711925203838,
    1.1296119548025585
  ],
  "val_mean_iou": [
    0.3503459535196192,
    0.3494776223749628,
    0.35083697436579075,
    0.3526218013284548,
    0.35433508815583314,
    0.3552976536198053,
    0.3556376004545675,
    0.35587924063583304,
    0.356216336176965,
    0.35662611141858747,
    0.3570699576849463,
    0.357315617990806,
    0.35748818321125886,
    0.35774778676728486,
    0.35817996551139075
  ],
  "val_iou_bg": [
    0.766777908529298,
    0.7627843768242649,
    0.7644141065364469,
    0.7669411158212163,
    0.7693763134379342,
    0.7707102508507025,
    0.7711658036814463,
    0.7716146122300364,
    0.7722642488546663,
    0.7729663011758391,
    0.7736666734271971,
    0.77403255220472,
    0.7743152138149124,
    0.7747686265391954,
    0.7755028346385373
  ],
  "val_iou_tc": [
    0.04327005399447678,
    0.044219368426695375,
    0.044704344303103286,
    0.045182617140818754,
    0.0454823580367621,
    0.04588008737083027,
    0.04636037754806538,
    0.04697566632587095,
    0.047645480196003814,
    0.04824197046595765,
    0.048777081040767827,
    0.049224806056362896,
    0.04971133971878163,
    0.05023582496940014,
    0.05081682087138824
  ],
  "val_iou_ar": [
    0.2409898980350829,
    0.24142912187392754,
    0.2433924722578222,
    0.245741671023329,
    0.24814659299280314,
    0.24930262263788355,
    0.24938662013419038,
    0.24904744335159143,
    0.24873927948022495,
    0.24867006261396535,
    0.248766118586874,
    0.24868949571133456,
    0.24843799610008233,
    0.24823890879325916,
    0.24822024102424667
  ],
  "val_mean_recall": [
    0.730477013769768,
    0.7393701177303725,
    0.7428785747349412,
    0.7450427650461732,
    0.7462168655393565,
    0.7475075134674283,
    0.7487837866491621,
    0.7498181960890171,
    0.7507412062506901,
    0.7515722028534596,
    0.7524064696949354,
    0.753172824828437,
    0.7539244968686867,
    0.7545873678272763,
    0.7552625201921247
  ],
  "val_recall_bg": [
    0.7795513500597977,
    0.7744790732145516,
    0.7758886454186517,
    0.7784299167841693,
    0.7809458208120952,
    0.7822567911628442,
    0.7825961059607283,
    0.7829104053387533,
    0.7834472043848034,
    0.7840537381114145,
    0.7846657312320062,
    0.7849293537607229,
    0.7851060710899304,
    0.7854749150043755,
    0.7861495901869338
  ],
  "val_recall_tc": [
    0.730130732585311,
    0.7353625563561129,
    0.7377981226561107,
    0.7391321166625706,
    0.7392029565316787,
    0.739238644075439,
    0.7389993753099818,
    0.7379111382714975,
    0.7367837887052584,
    0.7356663918753137,
    0.7347930721013302,
    0.7339455282379941,
    0.7330721983275116,
    0.7320629486276121,
    0.7313222468350427
  ],
  "val_recall_ar": [
    0.6817489586641964,
    0.7082687236204528,
    0.7149489561300607,
    0.7175662616917793,
    0.7185018192742954,
    0.7210271051640018,
    0.7247558786767766,
    0.7286330446568012,
    0.7319926256620094,
    0.7349964785736508,
    0.7377606057514703,
    0.7406435924865945,
    0.7435952211886172,
    0.7462242398498411,
    0.7483157235543989
  ]
}