{
  "train_loss": [
    1.3802129327298733,
    1.2329816559252267,
    1.205497376454143,
    1.19134544355039,
    1.182296443290223,
    1.1758498678953884,
    1.1709309107960222,
    1.166856820781391,
    1.1633419655382442,
    1.1602878610546978,
    1.157605344875933,
    1.1551682501555252,
    1.152938461151367,
    1.1508831964514126,
    1.1489535208327322
  ],
  "val_mean_iou": [
    0.3228562241016897,
    0.3401477580248914,
    0.3470476729405568,
    0.3529039572498763,
    0.3565558450978396,
    0.3585228605282164,
    0.35976461235556617,
    0.360654228806594,
    0.36132451454142683,
    0.36188416819224545,
    0.36243588312089875,
    0.3629526676909744,
    0.36347671130548437,
    0.36396198289776444,
    0.36442767556958394
  ],
  "val_iou_bg": [
    0.7155651602764184,
    0.747536585085394,
    0.7603234958598505,
    0.7713548023451058,
    0.7780044872815324,
    0.7814925475093755,
    0.7836101770604087,
    0.7850379464772609,
    0.7860229321880979,
    0.7868401714933914,
    0.7876303435419422,
    0.7883906276142866,
    0.789185424662652,
    0.7899051744326551,
    0.7905996113958326
  ],
  "val_iou_tc": [
    0.03546195585734887,
    0.04144226127507615,
    0.044920200633071894,
    0.047816069494071314,
    0.049592007767872266,
    0.050511630285389165,
    0.051086224980534035,
    0.0515130861735777,
    0.051842104633887894,
    0.05215416754088442,
    0.052471979230354904,
    0.05276340012638923,
    0.05307290502667962,
    0.05336000510407799,
    0.053607111123408394
  ],
  "val_iou_ar": [
    0.21754155617130186,
    0.23146442771420392,
    0.23589932232874788,
    0.2395409999104513,
    0.2420710402441141,
    0.24356440378988434,
    0.24459743502575573,
    0.24541165376894292,
    0.2461085068022953,
    0.24665816554246076,
    0.24720532659039968,
    0.24770397533224728,
    0.2481718042271213,
    0.24862076915656017,
    0.24907630418951066
  ],
  "val_mean_recall": [
    0.7242014005395584,
    0.7335296033982937,
    0.736737353002145,
    0.7373256505129538,
    0.7376312464750119,
    0.7380687814783435,
    0.7386416248431976,
    0.7393124019103389,
    0.7401280341240638,
    0.7408955706538274,
    0.741550154435224,
    0.7419588079231197,
    0.7423918222323744,
    0.7427987279504712,
    0.7431325296218055
  ],
  "val_recall_bg": [
    0.7262864358954848,
    0.7588643167033319,
    0.7718107394515263,
    0.7832107271566309,
    0.7901313945356745,
    0.7937513579188327,
    0.7959386971943488,
    0.7974010558634267,
    0.7983969756188898,
    0.7992165198298714,
    0.8000029553435897,
    0.8007550823479945,
    0.8015452468707686,
    0.8022587538339517,
    0.8029466362929472
  ],
  "val_recall_tc": [
    0.7442605344804573,
    0.7314244160663531,
    0.7218975184591556,
    0.7120480337886176,
    0.7066323257505714,
    0.7045647821063817,
    0.7040020180170724,
    0.7042288870346095,
    0.7050596796172705,
    0.7059233416567555,
    0.7063308570511947,
    0.7060532427164716,
    0.7060791453928629,
    0.7059911085162449,
    0.7058516872212388
  ],
  "val_recall_ar": [
    0.7020572312427328,
    0.7103000774251961,
    0.7165038010957521,
    0.716718190593613,
    0.7161300191387905,
    0.7158902044098151,
    0.7159841593181705,
    0.7163072628329813,
    0.7169274471360322,
    0.7175468504748556,
    0.7183166509108883,
    0.7190680987048925,
    0.7195510744334922,
    0.7201463215012169,
    0.7205992653512296
  ]
}