{
  "train_loss": [
    1.375449493812148,
    1.2184980479395313,
    1.194702559975302,
    1.1821941277783388,
    1.1742185775641423,
    1.1681758138784177,
    1.163204829024661,
    1.1589937407499666,
    1.1553193416185439,
    1.1520355108437266,
    1.1490514210075329,
    1.1462458336049584,
    1.143600946399057,
    1.1411100056520693,
    1.1387718652084375
  ],
  "val_mean_iou": [
    0.3193243986151965,
    0.33758974131636066,
    0.34401737743242244,
    0.34781335811853026,
    0.3504213667519236,
    0.35230111995206226,
    0.35371189407190545,
    0.35498674183330114,
    0.3561621694787564,
    0.35721966023229146,
    0.35813465508556297,
    0.35891012021773644,
    0.3595109206032832,
    0.36000656535024667,
    0.36044570767038314
  ],
  "val_iou_bg": [
    0.702706128477577,
    0.7386240167951519,
    0.7514121831124253,
    0.7590743392914369,
    0.7641850489258513,
    0.76782091734685,
    0.7705191398501531,
    0.7729227981637297,
    0.7750999431861009,
    0.7769954169671509,
    0.778610066755501,
    0.7799249626720048,
    0.7808975517472623,
    0.7816876078788505,
    0.7823372858022558
  ],
  "val_iou_tc": [
    0.03320400657420971,
    0.03904449684158816,
    0.042245323582998,
    0.04439699540768767,
    0.04584726474958893,
    0.04699464401251856,
    0.04802611967441342,
    0.04904086321434993,
    0.05008726054722451,
    0.05105657917167359,
    0.05191373335585514,
    0.05262681807693861,
    0.05321744626149955,
    0.05367400284635277,
    0.05405220258850925
  ],
  "val_iou_ar": [
    0.22206306079380325,
    0.23510071031234217,
    0.23839462560184424,
    0.2399687396564661,
    0.24123178658033026,
    0.2420877984968181,
    0.24259042269115036,
    0.24299656412182366,
    0.2432993047029437,
    0.24360698455804994,
    0.24388016514533242,
    0.24417857990426606,
    0.2444177638010879,
    0.24465808532553673,
    0.24494763462038463
  ],
  "val_mean_recall": [
    0.7308389011893153,
    0.7404457205291979,
    0.7441627213028004,
    0.745490740771407,
    0.7461108632942556,
    0.7466163057697203,
    0.747118993323989,
    0.747675455997865,
    0.7482425357921835,
    0.7487801771578759,
    0.7492469304240372,
    0.7497139609446002,
    0.7502350160501813,
    0.7506246547117533,
    0.7510263762474236
  ],
  "val_recall_bg": [
    0.712350423614324,
    0.7491341386246817,
    0.7621705480251757,
    0.7700650448479812,
    0.7753475566101338,
    0.7790676217176916,
    0.7817926343129121,
    0.7842175194581353,
    0.7864069891971445,
    0.7883057732679426,
    0.7899156500155288,
    0.791213293794903,
    0.7921593541379632,
    0.7929266493217566,
    0.7935521773605915
  ],
  "val_recall_tc": [
    0.7611488464095642,
    0.75143229856044,
    0.746483072423739,
    0.7419225314468745,
    0.7383115153662498,
    0.7352494640208543,
    0.7325064946806605,
    0.7300169527846722,
    0.727795880167811,
    0.7257382299154437,
    0.723878371982595,
    0.7223963960236579,
    0.7215670315286716,
    0.7208693210521945,
    0.7204960776496108
  ],
  "val_recall_ar": [
    0.7190174335440578,
    0.7207707244024718,
    0.7238345434594857,
    0.7244846460193651,
    0.7246735179063831,
    0.7255318315706146,
    0.7270578509783939,
    0.7287918957507886,
    0.7305247380115946,
    0.7322965282902415,
    0.7339467692739885,
    0.7355321930152394,
    0.7369786624839093,
    0.7380779937613092,
    0.7390308737320689
  ]
}