{
  "train_loss": [
    1.3946911615038675,
    1.2273441778288947,
    1.2073210352943058,
    1.1970041012007093,
    1.1901777087696015,
    1.185097218884362,
    1.1811038270829215,
    1.17780879622414,
    1.1749643435553898,
    1.1724119099359664,
    1.170084203424908,
    1.1679743477276394,
    1.1660709907138158,
    1.1643511448587691,
    1.1627863441194808
  ],
  "val_mean_iou": [
    0.3350889594811471,
    0.34825457981379326,
    0.3539866673789415,
    0.3571498305708865,
    0.35887826896313607,
    0.3600445372065206,
    0.3609921945479947,
    0.3617945060364287,
    0.36251403220314493,
    0.36324828033854206,
    0.36387821501660583,
    0.36443948678539734,
    0.36493380611803833,
    0.365356578949786,
    0.36571107446823714
  ],
  "val_iou_bg": [
    0.7444697976501377,
    0.76790209510127,
    0.777517621347198,
    0.7827519655191753,
    0.7855241729833461,
    0.7872728611111698,
    0.7886550059697648,
    0.789835382294312,
    0.7908910333501559,
    0.7919869865390773,
    0.7929394301639897,
    0.7938059838829505,
    0.7945695627053067,
    0.7952082549638917,
    0.7957353013880396
  ],
  "val_iou_tc": [
    0.039726378575227886,
    0.0458088325980924,
    0.04882164678905383,
    0.05055820594142681,
    0.05149470738851431,
    0.05209186646503654,
    0.052528107978728394,
    0.05291763678467946,
    0.053267728746242644,
    0.05366301283943126,
    0.05404645804946529,
    0.05443524096077294,
    0.05480375467198798,
    0.05515077267313052,
    0.055450272484842064
  ],
  "val_iou_ar": [
    0.22107070221807554,
    0.2310528117420178,
    0.2356207340005732,
    0.23813932025205778,
    0.23961592651754743,
    0.24076888404335536,
    0.24179346969549023,
    0.2426304990302949,
    0.24338333451303615,
    0.2440948416371178,
    0.24464875683636245,
    0.24507723551246813,
    0.2454281009768198,
    0.24571070921233576,
    0.24594764953182985
  ],
  "val_mean_recall": [
    0.7179255808977372,
    0.7264303298864982,
    0.7301426324929198,
    0.7319610266076466,
    0.7329441941160536,
    0.7337087415552175,
    0.7342944804659444,
    0.7347099505123236,
    0.7350677328227847,
    0.7354394184187301,
    0.7357204659472268,
    0.7360203834351334,
    0.7362586834757767,
    0.7365069456740253,
    0.7367018332295114
  ],
  "val_recall_bg": [
    0.7566505526259019,
    0.7805571907902253,
    0.790287214858407,
    0.7955820100789486,
    0.7983915925658593,
    0.8001565422523431,
    0.8015628124169402,
    0.8027742561524351,
    0.8038544327081034,
    0.8049795508841625,
    0.8059562025063526,
    0.8068455264497617,
    0.807620825936229,
    0.8082660249396967,
    0.8087932249233966
  ],
  "val_recall_tc": [
    0.7149665703740553,
    0.7059374481815791,
    0.7026085205949579,
    0.7002685018754896,
    0.6986749406735108,
    0.6977502488703131,
    0.6973030928822198,
    0.6969485818772111,
    0.6966042558708251,
    0.6963677915408131,
    0.6959299661221491,
    0.6956866277794582,
    0.6952523184619113,
    0.6949150419960864,
    0.6945619259811873
  ],
  "val_recall_ar": [
    0.6821596196932546,
    0.6927963506876905,
    0.6975321620253953,
    0.700032567868502,
    0.7017660491087915,
    0.7032194335429959,
    0.7040175360986736,
    0.7044070135073243,
    0.7047445098894249,
    0.7049709128312144,
    0.7052752292131788,
    0.7055289960761805,
    0.7059029060291895,
    0.7063397700862925,
    0.70675034878395
  ]
}