{
  "means": {
    "TMQ": 19.218493402692186,
    "U850": 1.5530236523143521,
    "V850": 0.25413171355247843,
    "UBOT": 0.1248787177311754,
    "VBOT": 0.3154163751542962,
    "QREFHT": 0.007787778225617477,
    "PS": 96571.61389729044,
    "PSL": 100814.07257369721,
    "T200": 213.20908332192494,
    "T500": 253.03822240936978,
    "PRECT": 2.9458238674751523e-08,
    "TS": 278.7114771114163,
    "TREFHT": 278.4212223250783,
    "Z1000": 474.1727849603465,
    "Z200": 11736.104620863996,
    "ZBOT": 61.311490174015915,
    "WS850": 8.700606060618401,
    "WSBOT": 7.477954881197938,
    "VRT850": 0.002566319637670518,
    "VRTBOT": -0.0013075296120302845
  },
  "stds": {
    "TMQ": 15.817276817758637,
    "U850": 8.297621342301555,
    "V850": 6.231631296674554,
    "UBOT": 6.653287342037409,
    "VBOT": 5.7841890395729765,
    "QREFHT": 0.0062152877903065016,
    "PS": 9700.100785765639,
    "PSL": 1461.2256420921515,
    "T200": 7.889789406118789,
    "T500": 12.825335782348366,
    "PRECT": 1.556376419785607e-07,
    "TS": 23.682519489872345,
    "TREFHT": 22.511935250630316,
    "Z1000": 832.8081880996775,
    "Z200": 633.2580743402024,
    "ZBOT": 4.909497385838042,
    "WS850": 5.870235781265377,
    "WSBOT": 4.6817035659950355,
    "VRT850": 6.977756017520029,
    "VRTBOT": 6.201396833622386
  }
}