{
  "train_loss": [
    0.9687260508537292,
    0.8902251462141673,
    0.8569227874279022,
    0.8144067525863647,
    0.7948687513669331,
    0.779281954964002,
    0.7682936747868856,
    0.7548758874336878,
    0.7398456414540608,
    0.7334406942129135,
    0.7191542128721873,
    0.7068936884403229,
    0.6943736284971237,
    0.6899732997020086,
    0.6739523669083913
  ],
  "val_mean_iou": [
    0.500596171879067,
    0.49486900095524816,
    0.49284367756322495,
    0.49238544683387786,
    0.49425576934386056,
    0.48951430702587834,
    0.49392369570491024,
    0.4930247657368846,
    0.4911355305339086,
    0.49146806661893017,
    0.49071033102972733,
    0.49005283474131367,
    0.4889536552137983,
    0.4895162792486847,
    0.49106517584533627
  ],
  "val_iou_bg": [
    0.9244038404467372,
    0.9213183019755633,
    0.9195579363427997,
    0.9176140566358723,
    0.9181074881347003,
    0.9147791320184904,
    0.9194076370836999,
    0.9181454684559618,
    0.9171533051187655,
    0.9170320714903253,
    0.9166686976524369,
    0.9146553958844986,
    0.9161436330828829,
    0.9159636400954235,
    0.9170840915373105
  ],
  "val_iou_tc": [
    0.12044754919567377,
    0.10115832696149536,
    0.09678023332149147,
    0.10497620691245477,
    0.11196200062729818,
    0.10929247107346554,
    0.10623367389788319,
    0.10749684218149087,
    0.10667183725626694,
    0.10929152664425053,
    0.10901147659086194,
    0.11319231834593324,
    0.10558366359540465,
    0.10796611572211989,
    0.11063770457649622
  ],
  "val_iou_ar": [
    0.45693712599479014,
    0.4621303739286858,
    0.46219286302538404,
    0.4545660769533066,
    0.45269781926958313,
    0.444471317985679,
    0.4561297761331477,
    0.45343198657320116,
    0.4495814492266934,
    0.44808060172221476,
    0.4464508188458832,
    0.4423107899935092,
    0.44513366896310735,
    0.44461908192851063,
    0.4454737314222021
  ],
  "val_mean_recall": [
    0.6604644020382825,
    0.6811345879629153,
    0.6893128601250714,
    0.6884973583034544,
    0.6846034303049484,
    0.6851557438949961,
    0.6821024080054104,
    0.6852617952445491,
    0.680873459247495,
    0.6781414486255631,
    0.6776337974832518,
    0.6833398482136966,
    0.6772825586351383,
    0.6788561347437945,
    0.6748940233716519
  ],
  "val_recall_bg": [
    0.943657048469813,
    0.9403668758674116,
    0.9380520740840333,
    0.9352222239449665,
    0.9355171606318696,
    0.9314444162417769,
    0.937087792818781,
    0.9354592120067899,
    0.9341856627752004,
    0.9339220429891842,
    0.9335993961624587,
    0.9311432626829832,
    0.9330859868053877,
    0.9328922481675344,
    0.9341809661331297
  ],
  "val_recall_tc": [
    0.2519373427566509,
    0.3196275699262417,
    0.34141743074275904,
    0.3296420474865469,
    0.31398424833080785,
    0.3109205828314372,
    0.30784095274037737,
    0.31497691998318683,
    0.29888276930134694,
    0.28883304863969744,
    0.2886167032731826,
    0.3038224652666551,
    0.28830309271135574,
    0.2935899650589234,
    0.2815471555023451
  ],
  "val_recall_ar": [
    0.7857988148883833,
    0.783409318095093,
    0.7884690755484217,
    0.8006278034788501,
    0.8043088819521681,
    0.813102232611774,
    0.8013784784570734,
    0.8053492537436708,
    0.8095519456659375,
    0.8116692542478078,
    0.8106852930141143,
    0.8150538166914514,
    0.8104585963886713,
    0.8100861910049256,
    0.8089539484794812
  ]
}