{
    "confusion_matrix": [
        [
            48908113.0,
            166756.0,
            1579433.0
        ],
        [
            120569.0,
            174066.0,
            1959.0
        ],
        [
            1152195.0,
            14456.0,
            1851349.0
        ]
    ],
    "ious_per_class (BKG, TC, AR)": [
        0.9418616680557303,
        0.3643026667727069,
        0.40252037660629925
    ],
    "mean_iou": 0.5695615704782455,
    "precision_per_class (BKG, TC, AR)": [
        0.9746364735713964,
        0.4899430868221367,
        0.5393209100249611
    ],
    "recall_per_class (BKG, TC, AR)": [
        0.9655273307289871,
        0.5868830792261277,
        0.613435719019216
    ],
    "specificity_per_class (BKG, TC, AR)": [
        0.6160120968058211,
        0.9966237334109499,
        0.9689624300228202
    ],
    "f1_per_class (BKG, TC, AR)": [
        0.9700605132642767,
        0.534049624415597,
        0.5739957576780109
    ],
    "macro_precision": 0.6679668234728314,
    "macro_recall": 0.7219487096581103,
    "macro_specificity": 0.8605327534131971,
    "macro_f1": 0.6927019651192948
}