{
    "confusion_matrix": [
        [
            48863530.0,
            127235.0,
            1663537.0
        ],
        [
            133168.0,
            160279.0,
            3147.0
        ],
        [
            1117240.0,
            11767.0,
            1888993.0
        ]
    ],
    "ious_per_class (BKG, TC, AR)": [
        0.9414084001239964,
        0.3679533329048017,
        0.4032274108563139
    ],
    "mean_iou": 0.570863047961704,
    "precision_per_class (BKG, TC, AR)": [
        0.9750486980288796,
        0.5355468606426557,
        0.5312611353618438
    ],
    "recall_per_class (BKG, TC, AR)": [
        0.964647188307915,
        0.5403986594469025,
        0.6259088800530133
    ],
    "specificity_per_class (BKG, TC, AR)": [
        0.622756814258396,
        0.997410172569084,
        0.9672884260955881
    ],
    "f1_per_class (BKG, TC, AR)": [
        0.9698200494141138,
        0.5379618158517724,
        0.5747142683389362
    ],
    "macro_precision": 0.6806188980111263,
    "macro_recall": 0.7103182426026103,
    "macro_specificity": 0.8624851376410226,
    "macro_f1": 0.694165377868274
}