{
    "confusion_matrix": [
        [
            48664925.0,
            124521.0,
            1864856.0
        ],
        [
            142943.0,
            151575.0,
            2076.0
        ],
        [
            1043685.0,
            13298.0,
            1961017.0
        ]
    ],
    "ious_per_class (BKG, TC, AR)": [
        0.9387355705231368,
        0.34891911614063115,
        0.40144202621448977
    ],
    "mean_iou": 0.5630322376260859,
    "precision_per_class (BKG, TC, AR)": [
        0.9761967696372467,
        0.5237669060173837,
        0.5122892180642937
    ],
    "recall_per_class (BKG, TC, AR)": [
        0.9607263959534965,
        0.5110521453569353,
        0.649773691186214
    ],
    "specificity_per_class (BKG, TC, AR)": [
        0.641998989921539,
        0.9974322137328858,
        0.9633582106191027
    ],
    "f1_per_class (BKG, TC, AR)": [
        0.9683997961860309,
        0.5173314079306948,
        0.5728985077524493
    ],
    "macro_precision": 0.6707509645729747,
    "macro_recall": 0.7071840774988819,
    "macro_specificity": 0.8675964714245091,
    "macro_f1": 0.6862099039563917
}