{
    "train_losses": [
        0.7897001894736531,
        0.7865203358609267,
        0.7859836732498323,
        0.7855457269182109,
        0.7852555960416794,
        0.7849512736905705,
        0.7846771739046983,
        0.7843272327774703,
        0.7841076831323932,
        0.7838594821667431,
        0.7837375589091369,
        0.7835037762468512,
        0.7831813259558245,
        0.7830275187287667,
        0.7826471790821865
    ],
    "val_losses": [
        0.7875251691849505,
        0.7866310232975444,
        0.7865339967071033,
        0.7869265880741056,
        0.7864842180345879,
        0.7861849294334161,
        0.7861353882023545,
        0.7859292059648232,
        0.785907482514616,
        0.7866652901055383,
        0.7859889737895278,
        0.7859192099727568,
        0.7862650840008845,
        0.7859476863360796,
        0.7860920243575925
    ],
    "train_accuracies": [
        0.9284505590802046,
        0.9391909141554798,
        0.9405204182120686,
        0.9418547059818015,
        0.9427041575741866,
        0.943716098430047,
        0.9444685028681271,
        0.9457337179301698,
        0.9463243038521426,
        0.9467905703172494,
        0.9476766475701751,
        0.9480957990276024,
        0.9490487312405376,
        0.9495748169538996,
        0.9509060278484717
    ],
    "val_accuracies": [
        0.9336412217881944,
        0.9417482062260455,
        0.9444669944702964,
        0.9439746553273946,
        0.9397009899924579,
        0.9335350680510492,
        0.9424041210700327,
        0.9418801155391432,
        0.9431494392622002,
        0.9468815148636726,
        0.9396940971332821,
        0.9365297374250531,
        0.9423543701913043,
        0.9413839964412094,
        0.9433730495432036
    ],
    "train_mean_ious": [
        0.5015900254143166,
        0.5510436430576083,
        0.5582673675139732,
        0.5655532354101446,
        0.5702604849927425,
        0.5732699505802795,
        0.5767229476878569,
        0.5846795262271272,
        0.5870420628686889,
        0.5890039600206847,
        0.5916646669386769,
        0.5955346039685891,
        0.6012752507001854,
        0.6009193113024186,
        0.6084109624482132
    ],
    "val_mean_ious": [
        0.523491887681513,
        0.5443953782598896,
        0.556203161264431,
        0.5569776951502301,
        0.5456805150607029,
        0.5591572872501348,
        0.5641508749213604,
        0.5616626029195539,
        0.5692911052095765,
        0.5685933735391062,
        0.5627847247459986,
        0.5623885980753969,
        0.5649377928780218,
        0.5658296047175115,
        0.570863047961704
    ],
    "train_ious_per_class": [
        0.9490148345008007,
        0.39072948783075756,
        0.4854885650130813
    ],
    "val_ious_per_class": [
        0.9414084001239964,
        0.3679533329048017,
        0.4032274108563139
    ]
}