{
    "train_losses": [
        0.7897233728206519,
        0.7864606658918689,
        0.7859751267565621,
        0.7855987074700269,
        0.7852848568046936,
        0.7848944727218512,
        0.7846342600656279,
        0.7843524189007403,
        0.7841449285095389,
        0.7839307991242168,
        0.783755081169533,
        0.7834530710571944,
        0.7831709521888482,
        0.783053324529619,
        0.7826906323733956
    ],
    "val_losses": [
        0.7883001409593176,
        0.7867639875802838,
        0.7862218471824146,
        0.7870713237856255,
        0.7866229815561263,
        0.7862913090674604,
        0.7861115453673191,
        0.7860287926236137,
        0.786098379580701,
        0.7872164767296588,
        0.7861871856157897,
        0.7857400647929458,
        0.7859228956894796,
        0.7859909339029281,
        0.7860924230247247
    ],
    "train_accuracies": [
        0.9282603522520854,
        0.9394256015239563,
        0.9406297643042841,
        0.9419204392238721,
        0.9427630834440324,
        0.9439763655343218,
        0.944428494928305,
        0.9455400146530043,
        0.9462119008644752,
        0.9468849287735939,
        0.9476425850208537,
        0.9485543304911456,
        0.9491330627372905,
        0.9496955200834664,
        0.9507968587193916
    ],
    "val_accuracies": [
        0.9303299626510796,
        0.9402795084042482,
        0.941233669111927,
        0.947083019819416,
        0.9399163177249354,
        0.9317562471539163,
        0.9404247031475315,
        0.9430698007978522,
        0.9397812584493113,
        0.9461660101403594,
        0.941823138275795,
        0.9383593468356292,
        0.9424312292769524,
        0.9414803482361396,
        0.9408663278937557
    ],
    "train_mean_ious": [
        0.5011404443351087,
        0.5519603295274079,
        0.5573143651452983,
        0.5649908747451593,
        0.5700073093032002,
        0.5735701747306461,
        0.5783504490836116,
        0.5837120521984588,
        0.5861630881000865,
        0.5887445796909455,
        0.5919065332632732,
        0.5958505938108405,
        0.6006363982255138,
        0.6020741793193521,
        0.607679731807506
    ],
    "val_mean_ious": [
        0.4884015171270039,
        0.531611383620187,
        0.5551153244304167,
        0.561911330810222,
        0.5435802257827259,
        0.5554243042750953,
        0.5639314124762136,
        0.5580953681587668,
        0.5616701242669127,
        0.5574848259676268,
        0.5614049267735209,
        0.5653185411107701,
        0.5656481865659481,
        0.5650362306526153,
        0.5630322376260859
    ],
    "train_ious_per_class": [
        0.94889606838492,
        0.38930097349304094,
        0.484842153544557
    ],
    "val_ious_per_class": [
        0.9387355705231368,
        0.34891911614063115,
        0.40144202621448977
    ]
}