{
    "train_losses": [
        0.7897316501899199,
        0.7864826323107036,
        0.7859688246189945,
        0.7855090020280896,
        0.7851784137463329,
        0.7849234910023333,
        0.7846574839016404,
        0.7843536394413071,
        0.7841248278967058,
        0.783904905572082,
        0.7838124667454247,
        0.7833918296929562,
        0.7831289304627312,
        0.7830374668342899,
        0.7826731311853485
    ],
    "val_losses": [
        0.7879905857023646,
        0.7866247345189579,
        0.7863788888102672,
        0.7864041670424039,
        0.7869833219246786,
        0.7860691107687403,
        0.7862797457663739,
        0.7861245792420184,
        0.7858932252790107,
        0.7866916705350406,
        0.7860520657945852,
        0.786390052467096,
        0.7862630935965992,
        0.7862177393475517,
        0.786167781861102
    ],
    "train_accuracies": [
        0.9284221365172632,
        0.9394979623208722,
        0.9410315904999065,
        0.9420641703949945,
        0.9428081062907723,
        0.944124988879865,
        0.944646370798918,
        0.9456677249518843,
        0.9464283524672725,
        0.9465584803109217,
        0.9469909639426308,
        0.9485051004885735,
        0.9491937325502932,
        0.9495522084862295,
        0.9507094246592809
    ],
    "val_accuracies": [
        0.9314135497602174,
        0.9433572626721881,
        0.9418850998916116,
        0.942494636169693,
        0.9391860637653214,
        0.9349527550091075,
        0.9430544030398547,
        0.9410858432234745,
        0.9401130050909324,
        0.9452115714948106,
        0.9429009813356197,
        0.926768726193695,
        0.9434124981915509,
        0.9414577982102876,
        0.9437570855627656
    ],
    "train_mean_ious": [
        0.5011942359204151,
        0.5515861898821935,
        0.5584280603503676,
        0.5663712990646251,
        0.5718122659771624,
        0.5734597137489009,
        0.5779331936944999,
        0.5839312766590502,
        0.5877802769294816,
        0.5891846250162046,
        0.5920332833938996,
        0.5981180232408269,
        0.6016527450543346,
        0.6039371461013026,
        0.6090372476996244
    ],
    "val_mean_ious": [
        0.5079341225398806,
        0.5423440709624077,
        0.5540182637435779,
        0.5586335374639707,
        0.527514589682511,
        0.5608508805622932,
        0.5654584092521179,
        0.5585798936367372,
        0.5634130560298302,
        0.5624376544604791,
        0.5632371660389647,
        0.554014491898896,
        0.5665371834337148,
        0.562740670748759,
        0.5695615704782455
    ],
    "train_ious_per_class": [
        [
            0.9263141780714721,
            0.23189985565676174,
            0.34536867403301164
        ],
        [
            0.9375269390444119,
            0.3199842675208196,
            0.39724736308134917
        ],
        [
            0.9390826936710485,
            0.32827224396895904,
            0.40792924341109527
        ],
        [
            0.940080048728917,
            0.3420158473049223,
            0.41701800116003623
        ],
        [
            0.9408078775574529,
            0.35077963248788185,
            0.42384928788615245
        ],
        [
            0.9421585000079287,
            0.34690213102550826,
            0.4313185102132656
        ],
        [
            0.9426878389152074,
            0.35466284800239145,
            0.4364488941659011
        ],
        [
            0.9436971969697403,
            0.3639708345746797,
            0.4441257984327305
        ],
        [
            0.9444645523941504,
            0.36987996167790654,
            0.44899631671638796
        ],
        [
            0.9445721191054334,
            0.3693993981951852,
            0.4535823577479954
        ],
        [
            0.9450006592903105,
            0.3753568688045297,
            0.4557423220868584
        ],
        [
            0.946575533843524,
            0.38135595443352754,
            0.46642258144542875
        ],
        [
            0.9472477498551779,
            0.3846652329447667,
            0.4730452523630592
        ],
        [
            0.9476220736654468,
            0.38945905264807923,
            0.47473031199038157
        ],
        [
            0.9487927145961917,
            0.3937604055542842,
            0.4845586229483973
        ]
    ],
    "val_ious_per_class": [
        [
            0.9298425785720739,
            0.23061786698150336,
            0.3633419220660645
        ],
        [
            0.9415144418855725,
            0.28551445802471964,
            0.40000331297693065
        ],
        [
            0.9400466323533111,
            0.32283739218670726,
            0.39917076669071516
        ],
        [
            0.9406089227301867,
            0.3380923913915681,
            0.3971992982701574
        ],
        [
            0.9377176550407421,
            0.2466681156870254,
            0.39815799831976534
        ],
        [
            0.9324139257699139,
            0.3558348269963402,
            0.3943038889206254
        ],
        [
            0.9411423907514864,
            0.35422161931318613,
            0.40101121769168085
        ],
        [
            0.9391063305309681,
            0.33371188131064955,
            0.40292146906859405
        ],
        [
            0.9380464770673983,
            0.34797778648024863,
            0.4042149045418438
        ],
        [
            0.9435419333956189,
            0.3450395495243698,
            0.3987314804614487
        ],
        [
            0.9409383175273075,
            0.3432939317217913,
            0.40547924886779546
        ],
        [
            0.9236365731440526,
            0.3580225103654955,
            0.38038439218713965
        ],
        [
            0.9415310136399714,
            0.3573850899545916,
            0.40069544670658164
        ],
        [
            0.9394208264206885,
            0.34884052633483703,
            0.39996065949075155
        ],
        [
            0.9418616680557303,
            0.3643026667727069,
            0.40252037660629925
        ]
    ],